S_ID | S_POINT
0 | (1404050.076199729 -4762163.267865509)
1 | (9589068.707095977 4113601.232669603)
2 | (6043343.103128726 8207394.418033294)
3 | (1299670.69002592 -5083571.532766891)
4 | (-1322962.500539843 -5899239.147951469)
5 | (4098436.221949188 3036324.412291553)
6 | (9565705.04198173 -7505367.938363314)
7 | (-5735985.3441432975 -7007295.007037635)
8 | (6103121.972730368 -9609767.121882636)
9 | (-1700978.7224226678 8495444.28673973)
10 | (-3042913.2391388444 -6804322.639650477)
11 | (830518.496875409 9756991.659396205)
12 | (-9990915.894380776 -8619172.629882807)
13 | (2275714.9600982703 -4848643.951875228)
14 | (2720666.21507377 -9365356.284201292)
15 | (-9269816.40421828 9405078.394058768)
16 | (7048423.001889478 3852088.979672322)
17 | (2577100.532760855 458003.63016236946)
18 | (665475.5657601021 2055358.3258123863)
19 | (4043186.871502798 1904368.1462320741)
20 | (9324110.495363519 7624972.828286964)
21 | (-738082.286237916 -4979734.393375674)
22 | (3344729.853353491 4696046.5292753875)
23 | (-2862557.8412721017 1878995.6571439486)
24 | (-1639014.4330442725 -7763055.059539938)
25 | (-6812734.68180301 9103042.631549735)
26 | (8049300.535888206 947941.461257413)
27 | (-4920757.80654623 163960.19896509126)
28 | (-8422918.366059255 -790131.492625419)
29 | (-6676728.2943123635 -1940773.3321474604)
30 | (7923072.849487852 -6166672.938495772)
31 | (7365488.559074264 8236722.521395836)
32 | (6726595.5934713 -5185819.607537285)
33 | (8331690.509576254 -3738398.4221277684)
34 | (1811330.8487843722 -7096954.216145306)
35 | (9679404.085068144 -5748997.469097186)
36 | (-5934925.298621612 -6923738.729166047)
37 | (8570219.603354812 9255171.689367529)
38 | (6047179.935428981 -4124298.5082799224)
39 | (-4428754.950058165 9867596.44251436)
40 | (2690110.5653322395 -182178.07378215902)
41 | (7988810.548253562 -7160224.326795544)
42 | (-1696711.9316327795 6723624.259159071)
43 | (2641190.1184347663 4510766.599027025)
44 | (9219982.285345081 -3361781.683363368)
45 | (7923788.060274512 7867010.1627004)
46 | (-6703993.459768858 -8598193.59274621)
47 | (5106190.138440296 -4025922.752860833)
48 | (6172221.705712689 -2332556.4142325157)
49 | (1191244.8981396426 2164908.7603963185)
50 | (5971907.710034139 -4568981.498999518)
51 | (9263261.389594063 -9502847.206286564)
52 | (802395.6289484669 8025354.12790186)
53 | (-8413457.515585493 -4333560.961468013)
54 | (3939297.9590209685 6659657.405381644)
55 | (-8589381.109597724 -4437912.618952113)
56 | (8815470.82667863 6917897.977307372)
57 | (4656703.265013462 -5567361.954968208)
58 | (6277077.71811378 -1438504.4750415757)
59 | (-1006481.9426262025 382988.8218132034)
60 | (-2171150.5421947883 9348461.41703543)
61 | (5179716.591263559 7766940.455315515)
62 | (3780361.687378982 8677377.502778646)
63 | (2450148.205461791 4661395.461213145)
64 | (4655349.405850088 -82784.4829619322)
65 | (-4556081.517991144 -5679710.347162066)
66 | (-5114790.699246874 8236131.131116308)
67 | (-4264511.056050983 1355983.4393294342)
68 | (3853534.1775332093 9694641.038932964)
69 | (-5060217.73259929 4937669.635785906)
70 | (6283836.3613168765 -8697810.756963296)
71 | (-6847446.5857130345 -8843039.759518346)
72 | (416334.99643845856 -1786002.092328027)
73 | (2112287.592269378 3196601.4993959498)
74 | (-9062812.019529272 5551988.175336124)
75 | (3694511.3173512723 -4242737.405584673)
76 | (-4314762.939803312 2034069.1531767696)
77 | (1452579.1246801112 -6612081.817496784)
78 | (-6335452.150327068 -5050299.385484844)
79 | (-324957.2511218209 2779882.69991591)
80 | (-7162312.579356627 -1065499.6625150274)
81 | (6311519.943182506 926321.576896729)
82 | (-3206180.087768575 -5694552.204122632)
83 | (-6523793.880248942 -6822554.336250881)
84 | (8632885.027643185 -5592048.090830788)
85 | (2483203.067886604 6616029.401719928)
86 | (-3359497.063530023 8477798.769973341)
87 | (-6319634.141416068 -3187383.8149015764)
88 | (1758247.5158164948 5560055.664648948)
89 | (8314427.714214802 -1377194.815303931)
90 | (1873142.4017983358 -451339.5178368855)
91 | (-292711.8795600217 2292599.286291972)
92 | (-1529291.8132984415 -6147948.443087032)
93 | (4712980.9501734525 -7703508.811170026)
94 | (5545864.298831485 -901855.7025784627)
95 | (7386878.151704013 -8005196.028942239)
96 | (1063184.0234190766 -1233250.505584091)
97 | (-5460452.600731727 -5627844.1408499135)
98 | (5148707.211984806 8866475.955157675)
99 | (6928961.36722105 4561297.4159844015)
100 | (-9071709.266542748 4858667.434551973)
101 | (-3872621.146073159 -8224517.810642451)
102 | (-9266081.971305342 -6041546.005769106)
103 | (-6710938.802259259 -6712328.68402551)
104 | (-7553381.005618498 1952040.8270506077)
105 | (4275566.119046936 -7812759.685041126)
106 | (2817627.0882588252 7963778.171058055)
107 | (-5892633.785114225 7434120.204075832)
108 | (-279477.3990147803 9593214.57838533)
109 | (-2659349.705482248 -4373851.677036111)
110 | (1442838.5418860838 -3900720.022113531)
111 | (-8214013.37881629 224693.3836595621)
112 | (-608272.2839521915 -7931712.105749824)
113 | (8377307.661369901 2012779.0906546954)
114 | (-4842567.514713518 9997999.864921812)
115 | (-8945757.038354967 -5631289.074577767)
116 | (8759779.602462713 -8138278.4140615)
117 | (-1816506.9860846251 -8257755.602331966)
118 | (9985135.376662843 4394486.727965303)
119 | (-9991414.469362041 3624465.365330724)
120 | (2832850.1741438936 -8871378.279299634)
121 | (-8195917.077779915 7248497.797143728)
122 | (1319760.0035363138 -3419198.506211443)
123 | (4774246.814474661 9977603.10680326)
124 | (-1447611.0619401075 -4399239.837568172)
125 | (-2235083.0459345942 -6985334.849409453)
126 | (-4107506.8784828736 -326667.91620115936)
127 | (-3785786.898733219 -2082954.6389844958)
128 | (5204184.435509583 -3143636.4677836634)
129 | (-6088113.11785125 8393641.14521316)
130 | (9625550.520574745 -656018.7497939505)
131 | (4549377.057188369 -7517310.569413262)
132 | (545383.6845525242 -1534834.0113010034)
133 | (5703619.000876512 -8546292.84546357)
134 | (-9298800.334966982 2767842.6357463226)
135 | (-8252604.310466951 6430139.575249894)
136 | (-6360428.536005982 -5852469.780503631)
137 | (7754936.143941816 -9897874.80143534)
138 | (1642216.4694439862 -250797.5808565691)
139 | (-9747976.595732916 4756429.808161298)
140 | (-102237.19165746123 -205229.66668946669)
141 | (-6054391.2505915575 9010687.973385584)
142 | (-6664755.480773909 7802931.280403409)
143 | (4284428.417684168 -2258985.4651316684)
144 | (451572.2007633131 -6382876.770074006)
145 | (-9064244.818561338 8371863.457512498)
146 | (8082594.9223564975 -1898588.781096111)
147 | (7182219.220476963 7565453.071557451)
148 | (869768.7625622023 6019012.883386396)
149 | (-9206473.757252708 4916153.043174723)
150 | (1397490.479965398 -9812102.739320537)
151 | (1833190.8722641468 502339.05042134784)
152 | (8234571.990571734 -7936617.56962329)
153 | (-1491.6920403912663 -2151236.0416651256)
154 | (-3369364.434378037 668267.4583917949)
155 | (-8802809.552439002 -8843780.89565822)
156 | (3008067.538270509 -2510191.9721838925)
157 | (3248880.448813211 -9665146.471126575)
158 | (2266338.8523058295 -4478563.784955549)
159 | (-3916066.935302129 4545274.31417124)
160 | (891510.244239049 -4852904.468412134)
161 | (-3127532.0473454557 -4841921.51409568)
162 | (-3747290.9959884323 1975423.7810722105)
163 | (218942.70158404112 -7591992.231278957)
164 | (-6899045.499117844 -2144986.166081437)
165 | (-5801450.810806114 1521358.8461144622)
166 | (-1816311.4718490522 -4038147.3639146816)
167 | (6804385.7223380245 7975750.071977988)
168 | (-9421197.144690856 1391779.3222206254)
169 | (3543025.9664930105 -8432487.940054782)
170 | (5296384.508146962 5065668.674600638)
171 | (-4528964.276697674 7818976.3743397705)
172 | (969106.121024603 3562229.3546090834)
173 | (8225786.678141162 -2750003.0936859446)
174 | (3566561.550970223 5522068.0180685595)
175 | (9574778.56457198 4721874.537610106)
176 | (2981475.986923719 -4290491.307256543)
177 | (-6368145.456161174 -5839315.266208358)
178 | (-3443424.1414099745 6262682.466757961)
179 | (8660038.576915953 -7934552.752573744)
180 | (-8327510.057998537 -4371100.62072235)
181 | (3730791.8894713297 2268762.5572256334)
182 | (8958794.125195812 1560176.9288795535)
183 | (-8443500.477735026 1239775.8039079849)
184 | (-3367795.3557370286 5999055.391604492)
185 | (2143946.365799036 2504620.9091242217)
186 | (-6363472.245086789 -2295113.9944828516)
187 | (5635255.391946888 5523223.502476037)
188 | (9188162.735513695 -3941183.082039357)
189 | (-2231557.495009126 6413549.53881089)
190 | (6362399.122446775 -9470323.46233967)
191 | (4176170.7409604862 7067255.996271737)
192 | (9398760.203829538 2062224.372088164)
193 | (5757893.998427387 4289277.880710902)
194 | (3519089.572276486 2816209.8748173416)
195 | (9621804.149862494 5812488.997571444)
196 | (9414128.200410299 -8412879.784439402)
197 | (-5165627.016227197 5989960.0649580825)
198 | (9218399.444876876 164459.49083882384)
199 | (-6173579.459947243 -9084584.27828938)
200 | (3317169.906326294 8005028.496016219)
201 | (-3452895.303091204 6659449.672040274)
202 | (-1847037.3298796527 3785942.0803612825)
203 | (-4007859.4840248115 992.9593345094472)
204 | (4749490.649456469 8910499.058472883)
205 | (4325410.3065908495 -4050808.8728821697)
206 | (-1302168.2943540942 9304853.07925)
207 | (-1376372.5677058417 -8622831.75038022)
208 | (7942464.277019411 -7346017.346953142)
209 | (-8788446.051553061 3619665.1834531985)
210 | (-3606634.5313044665 -5062476.434858605)
211 | (-8188615.81475546 9693693.75647505)
212 | (2426534.8135369364 9592690.901731279)
213 | (3663222.772406863 -9598025.113240827)
214 | (-9024473.710307587 280591.51827465557)
215 | (-5073163.40133745 6912565.874651257)
216 | (-4519444.6580739925 2915200.6219800115)
217 | (-3979619.0378477676 -263138.8359160349)
218 | (5566910.723239087 -4071473.453830554)
219 | (-9623521.740123428 4672997.318549613)
220 | (7533599.299686156 -6754768.492648826)
221 | (-9367150.373070844 -2290620.667132315)
222 | (-2256165.4902371364 3123334.033860499)
223 | (35574.35231070779 -3494359.1188756516)
224 | (6820188.823831562 -6263218.598389646)
225 | (-8513334.391665902 1603354.6167768426)
226 | (-2507903.705445964 3204670.1349659413)
227 | (9408709.530260239 5028360.033454573)
228 | (725895.458789451 5457236.847605931)
229 | (4485681.000084424 -7846523.507824961)
230 | (-1340712.3321504835 -6419533.889880901)
231 | (1772803.842503868 5182936.62232266)
232 | (8832501.268312488 -6481031.09976752)
233 | (-6068710.1133913025 -4244169.419207642)
234 | (1894678.9552413896 -8857716.336289043)
235 | (6349604.686580965 -4324113.568431314)
236 | (8051938.049094841 -1812482.6766151218)
237 | (3525883.2681904957 91129.91546654701)
238 | (-8509486.615063908 2962459.7387172915)
239 | (-3951679.88056448 -9249297.156066855)
240 | (-4751028.432666731 -1092443.1188021135)
241 | (-1794131.3133851346 -4808270.72387219)
242 | (8741217.591565866 9928838.392262477)
243 | (4550172.70608411 -5307813.165690967)
244 | (-6814906.876156885 -3579334.0412505167)
245 | (5751744.179773394 871234.6799854506)
246 | (-4718837.541609025 -1458544.40500818)
247 | (-7558187.368682472 3270606.4654049296)
248 | (6180428.486422565 7708322.574372884)
249 | (9125333.171224527 5148399.591299763)
250 | (3286251.2685055025 5707525.510997258)
251 | (451962.5009989217 -3547363.2716208445)
252 | (3367095.5798394848 -9241987.15106092)
253 | (6818113.6830103025 8630715.000630487)
254 | (4540997.307668801 -4935091.943116134)
255 | (5341927.682634074 5518066.350467525)
256 | (-5106022.17515328 7816194.917119648)
257 | (4540186.226478795 869503.3280785084)
258 | (-4931864.046108129 -8583693.829120494)
259 | (4284578.805538777 7859363.941591792)
260 | (-9394358.719774352 -9181545.286482168)
261 | (-2374179.519481972 -7591399.050403928)
262 | (-421682.44072365947 4835732.179649578)
263 | (-6706853.09902322 135098.75419762917)
264 | (-211562.80980305187 4545137.228879202)
265 | (-1096569.6322047804 5050246.511692049)
266 | (576166.3922637552 8302947.654145326)
267 | (-8192476.814580176 -9683654.350404516)
268 | (-8443600.758200826 8365217.845001288)
269 | (-4804137.905964996 6705237.713998307)
270 | (-1232810.1911309361 -6979513.949906087)
271 | (-4163141.156344088 -3914684.169307721)
272 | (-1694619.13434638 -5590123.527358615)
273 | (5965519.575519979 8829577.54144879)
274 | (9882858.09984934 -5282431.250936601)
275 | (6744543.779961087 -8335585.013246505)
276 | (6559385.185156696 2609084.4199811686)
277 | (-8415247.481115498 8277455.471692055)
278 | (3324022.0426943377 1283262.0962901432)
279 | (-5407289.484397049 -4527785.690487784)
280 | (-1659396.3718268136 6336152.618803928)
281 | (-9735199.99782186 -8214516.835812049)
282 | (-7097240.676422607 4852758.817477126)
283 | (5224249.406916983 9154451.163242184)
284 | (8503227.189472895 9206003.952796418)
285 | (1355222.2022667062 -2405650.9621994793)
286 | (-3537219.248379349 8267670.403092068)
287 | (4606268.035097407 -7359230.531014327)
288 | (-2806323.4752453025 483292.4185397122)
289 | (5897379.830487827 -6492875.578323815)
290 | (-7127489.566116172 -3979144.892920723)
291 | (8606316.72402731 -5497954.256748814)
292 | (2015642.1599083915 2269297.2529174276)
293 | (-4972632.109085706 6244495.191494826)
294 | (-4980445.076247073 1370926.3996543773)
295 | (818110.8471422251 1773357.418215679)
296 | (-9061156.680208853 7406981.819619998)
297 | (3813567.114877483 5459142.626086108)
298 | (485947.9008022379 758618.0868739672)
299 | (5304726.677365091 2077559.2976265624)
300 | (4492197.302466849 2072357.0908445194)
301 | (-662946.2966923267 3758254.733984895)
302 | (4383779.835960975 1627927.1949145366)
303 | (83709.56899705715 -1716993.996442764)
304 | (8727970.28502024 3136916.658347817)
305 | (5303721.136300409 1561852.8973553497)
306 | (-7714240.052301977 2590347.1338981967)
307 | (-2772366.2380363345 -4322340.457554563)
308 | (9878009.873993788 -9614796.707696566)
309 | (1245233.1603631098 -1762377.4585171593)
310 | (1467570.9764397796 4948159.586103626)
311 | (7105178.30439404 -5231824.152345048)
312 | (-9110845.585458867 2378675.425663069)
313 | (-462550.4113198668 -7692492.994016746)
314 | (-5897660.225495962 -6021675.943432494)
315 | (2295157.8932429515 -9860844.292449305)
316 | (-5649459.296346031 8059255.368536565)
317 | (9523224.066283554 6692199.589876978)
318 | (-2690483.3586605955 7076025.582668535)
319 | (5227973.471837454 -8947348.322079403)
320 | (-7006452.9275182495 -2194765.4459415292)
321 | (2408965.067662673 -4095213.809770695)
322 | (-9087518.586249152 -507670.4228087738)
323 | (-5952740.35655039 -5729144.070649259)
324 | (-2935340.339857109 -7481303.201628713)
325 | (-9517916.57168738 9466297.19871499)
326 | (-8545136.426477795 2826740.9824734256)
327 | (-4138508.63103957 -5083995.5837654015)
328 | (-9607551.057766413 7074624.264046993)
329 | (1661153.6701512989 666720.8921121918)
330 | (3727208.3410859574 -443163.1477067005)
331 | (8267493.6651388 -3732509.093609822)
332 | (2569791.774769826 5036129.129350947)
333 | (-7621850.325124484 3837321.018877594)
334 | (3766133.987656519 -5481643.977499613)
335 | (-5107310.229461715 746764.9758139923)
336 | (-6744826.252452964 -6709252.820653478)
337 | (-7140573.049928563 -7317654.183956264)
338 | (7087541.83114421 -6189609.386740842)
339 | (-9794084.500291076 -6533943.201433006)
340 | (3438593.2216318287 -9481948.742222441)
341 | (-9582630.041643718 -5747553.755832609)
342 | (-7754947.196083754 -1304842.4866424631)
343 | (859230.0579886939 9254411.233710237)
344 | (4064479.0694428105 676151.7847922314)
345 | (4861861.043236151 5040213.518855948)
346 | (5168565.68587615 5017744.913887879)
347 | (7020248.352211911 3543328.3679273017)
348 | (-7558012.600626729 173441.10759273544)
349 | (-8571755.395527268 -1732205.9731371868)
350 | (-2148834.07364804 4705356.718577975)
351 | (2717853.5731938984 3343196.9870412834)
352 | (2386385.2844670527 -8949015.609629123)
353 | (6042648.937295925 6339025.357619474)
354 | (-7152839.343647948 8372166.920291185)
355 | (-8592719.478218323 -2988575.668018027)
356 | (2062722.942715589 162625.76970257424)
357 | (-2087474.386332821 9724263.95040249)
358 | (-7490104.365477155 -4578423.342738054)
359 | (6964921.271558728 -5883187.9030855205)
360 | (-9015240.614733681 -8666248.735038696)
361 | (5235973.515939876 -8791846.611098377)
362 | (306842.45995722525 -3412054.7452359376)
363 | (-8848277.48288868 4622233.875338029)
364 | (2996375.483242765 -7050169.5856243)
365 | (8471650.48186718 -6222671.185281267)
366 | (5054583.343609093 -5328601.344725947)
367 | (-5499173.7915382385 -7170240.550024895)
368 | (8346276.836595036 -5688535.185299706)
369 | (-3253126.803629835 -4980390.249047701)
370 | (2319651.0813672636 214570.15312216245)
371 | (-2334935.043234339 8032968.212624956)
372 | (595263.6314851064 -7315984.531630222)
373 | (-3439646.784136623 5053780.812867204)
374 | (-6280726.410189411 2351353.2256772853)
375 | (-4332964.005003248 9321704.320202451)
376 | (26760.78530241549 -7045345.629912816)
377 | (-4029859.189182137 2874177.852295272)
378 | (-6193889.581789291 -1449714.1871335693)
379 | (9302593.822306491 -872663.4679954443)
380 | (7744238.91559767 6454400.359040342)
381 | (-5466741.066758831 -8520357.452536114)
382 | (435404.5021919478 2785387.484568525)
383 | (5285722.643775361 5993840.9664398525)
384 | (-7337971.150323346 -8464684.15666509)
385 | (-6780247.254187648 7113395.711627983)
386 | (931815.5633000359 933160.9876283389)
387 | (-3779749.624241828 -366781.3266170621)
388 | (9746097.384158 8670596.133647226)
389 | (-7985583.754791832 -3036402.5627281843)
390 | (4370408.296604322 7614009.371856604)
391 | (-6306478.329951999 5310400.134287994)
392 | (-1523554.2501620222 -1191526.8029168136)
393 | (-6660621.050840108 -2562957.34449115)
394 | (7373554.530925699 -9483047.980115348)
395 | (8064300.251640614 6254139.077121537)
396 | (5150261.625022313 -9449400.757730877)
397 | (-5452042.023940739 -8453874.29043936)
398 | (-9600174.661382424 -2710054.5678043673)
399 | (-3538904.171576216 -4661240.497987831)
400 | (4166048.4697191697 5090597.6686034445)
401 | (-2006586.0371271828 -9463592.426591115)
402 | (-2910550.3713431396 -2879459.920250438)
403 | (-9190705.643084083 -1106000.349312717)
404 | (7486565.324402943 5605277.15614002)
405 | (1384367.3426310942 -36965.98732457124)
406 | (-627183.2498702854 -2134552.8616677243)
407 | (-7138810.751148719 -3482296.642295026)
408 | (-8122163.921410645 -326600.7262080498)
409 | (-7340862.626167444 3319580.266467111)
410 | (9170986.285176888 -1913839.4064155454)
411 | (-8007690.224387851 -2748244.6947546294)
412 | (4150880.893794667 178291.4522667192)
413 | (-373315.9739414491 -7326848.192192199)
414 | (-2612288.0687633334 -7424821.478843713)
415 | (-8736512.201241262 -8986039.31526322)
416 | (5938183.995717479 9056041.383283481)
417 | (5144345.3454205785 4045136.1949267816)
418 | (7899146.027132619 -6982850.202313634)
419 | (3966574.6602037773 4441938.466439674)
420 | (8991612.474338777 8667638.021477725)
421 | (5645588.733915608 -8436546.992292881)
422 | (-1138064.836827986 5643132.558035934)
423 | (7083493.813581444 722413.5843632277)
424 | (-2452555.7941098586 -1197117.4543124605)
425 | (573571.4101190343 20710.027925673872)
426 | (9534528.17449674 -4737116.666441556)
427 | (-1162105.6179905292 8197111.6088378765)
428 | (-7698279.239834265 8724508.338835403)
429 | (-2068822.213035049 -9490863.8632154)
430 | (-3971550.876412158 -8345815.261803038)
431 | (3982241.8950654306 2656046.42405477)
432 | (-7714425.01974564 -8990416.053734422)
433 | (6715047.704270618 -3310384.112087819)
434 | (-8602615.540350657 -9896897.6894171)
435 | (2019685.4544043634 1749084.2889376655)
436 | (8571382.725987032 -9471051.58018757)
437 | (2774364.4844845366 3894815.7700085063)
438 | (7205050.743234791 -9314533.409909928)
439 | (7323595.300102625 -9161947.971706936)
440 | (1933394.7383530643 -9243057.35050878)
441 | (1794423.974661313 -7843748.9548766725)
442 | (-8801151.194199383 -9055923.756410297)
443 | (-7858808.954487424 7393877.134124722)
444 | (9947883.585836455 1070711.078065712)
445 | (5715943.338023853 7486437.239586335)
446 | (-1863600.028540819 -3018923.333229224)
447 | (-4943171.097563957 9764205.442589402)
448 | (-501619.03509241715 -6353378.725304946)
449 | (-4744530.777318902 9566423.737371884)
450 | (-6173566.950668965 8481723.603506003)
451 | (4959922.89852904 9959287.459893126)
452 | (-4262780.851829886 -8462678.05744794)
453 | (1073487.93484563 5206646.077600643)
454 | (581274.324652439 -2632722.2609483413)
455 | (-9513929.366590038 5897936.625441978)
456 | (-1356237.7645303942 9041257.40177238)
457 | (7179923.339359276 -7657443.234203647)
458 | (-3287073.993921077 7143209.79323677)
459 | (-2208866.4251017813 -4217682.970673071)
460 | (-9701131.486253038 1827707.6852227189)
461 | (4041043.7524779458 4657764.87794704)
462 | (-9021326.79164728 -4434159.6788950795)
463 | (-2969905.63193845 6971723.819239933)
464 | (8218844.998302605 9079439.30869969)
465 | (256216.781719679 5481464.298477305)
466 | (8783853.0547898 2628446.344688887)
467 | (-3584602.17962443 -2269876.737994061)
468 | (-3515934.852267571 2962757.7649865337)
469 | (3331807.177513538 5030047.752896745)
470 | (-3809387.931256392 -6870483.429146293)
471 | (-7402389.59332582 6056486.524884703)
472 | (5713008.293338073 -9445807.652329464)
473 | (-7533044.739993982 2748966.682085721)
474 | (6064048.813440343 6230204.945303749)
475 | (-6822081.985507673 -4733839.753813367)
476 | (-7556834.804977171 -5171099.359500753)
477 | (-7318030.680564125 8856722.913536943)
478 | (-7280569.313523701 -9493007.477522898)
479 | (-5221908.73354891 -9860278.570537396)
480 | (5492353.943794839 649600.0340309441)
481 | (-4817752.268055811 5016369.282507567)
482 | (2883548.745136982 -9791227.65760708)
483 | (2671082.2561453134 7417701.329900183)
484 | (-6763354.1310461555 -1247726.8990501892)
485 | (-123777.90581221879 -3823651.6029762365)
486 | (9664258.233091615 -3159140.317071338)
487 | (1311170.7802007329 -5142903.914915738)
488 | (-7880559.336922621 -1925081.1823249748)
489 | (-4979061.186985456 -1422011.7452883832)
490 | (-1465123.751840625 1288638.0775458459)
491 | (3550257.5449265093 -2828287.365660942)
492 | (-563032.8365341704 6593727.645874593)
493 | (-8946588.085465806 8076240.384009391)
494 | (1791268.3654134274 -3614025.543885504)
495 | (2610322.4959649164 -9058999.730528982)
496 | (686607.6515195351 711506.2979893312)
497 | (-4250398.591225446 1670616.3054216262)
498 | (9585980.691194069 -5649529.744140611)
499 | (-7876086.331710732 8029341.9204852395)
500 | (8482598.067607466 -597201.5243980549)
501 | (-1079536.0075612422 -7705288.404030852)
502 | (-5086228.011960203 -4616940.942351304)
503 | (4523678.023327818 1682464.5436498988)
504 | (-8848485.920768794 -2506408.4853571793)
505 | (-9956196.390897386 -3886947.1086913524)
506 | (1895045.5118075963 4542293.897745777)
507 | (-220482.65977983736 2425118.091474587)
508 | (1154674.30098987 -3124142.8611170007)
509 | (4734009.059072282 -1464600.2527067345)
510 | (-9950039.67310174 6490456.461399667)
511 | (1170237.0089024734 -4659707.447706609)
512 | (5368497.316155972 8845637.859024275)
513 | (-3340992.2478069356 -8452838.211925307)
514 | (534426.7014028598 8367681.820136663)
515 | (2788356.876090143 6819151.9458501)
516 | (4769783.852220828 -6329002.1223181635)
517 | (5615605.48569935 9259740.461141102)
518 | (-2349506.2073021987 152363.66266183555)
519 | (-9317895.771213256 -7008275.862081045)
520 | (-9626677.702560289 2089786.6011144668)
521 | (-1329236.2630764097 3784018.905989973)
522 | (505719.52333637513 6752416.382575905)
523 | (-1046672.478177011 -4855014.17921452)
524 | (240706.83792627975 -437322.1160388347)
525 | (-9772937.646332491 4615085.265309453)
526 | (9594207.62247134 -4230038.613074789)
527 | (5405630.393723207 -5299770.801784483)
528 | (-3142012.6349949017 7820743.317096762)
529 | (3243790.3672752213 -1357474.9980913717)
530 | (-1737059.9743213337 -7827117.612225791)
531 | (5531094.041304151 -7283600.125258241)
532 | (-5414179.543476014 4021932.1695488337)
533 | (8676483.44808409 5480723.042908002)
534 | (4537326.391442787 9039562.73418795)
535 | (1894683.5461448804 3137633.204499649)
536 | (739041.1870574541 -6422185.163593803)
537 | (793415.3814208079 -8407519.36921747)
538 | (7615090.256538365 1817688.0218784325)
539 | (2439770.331788635 -1429984.9510055482)
540 | (3168027.1413352396 -4663437.239637023)
541 | (-5129828.847738514 -1425437.2072966378)
542 | (-6247981.464254013 -2070843.1880676774)
543 | (9728799.136906866 6977265.324461866)
544 | (9242261.109724604 -2033405.857782078)
545 | (-6042672.684341652 3562715.4974499326)
546 | (9270773.917874325 6529087.874366682)
547 | (4129073.41606541 -6525612.28995115)
548 | (1564448.3802424893 -8074484.502697386)
549 | (-3422166.512093097 5858586.851311348)
550 | (-288100.8106195498 251187.19073857553)
551 | (574547.7402218077 -8969985.616429856)
552 | (7452660.318592053 890851.9518951792)
553 | (-2652732.377157025 6519411.264462657)
554 | (2818034.7271113694 2232495.1907823924)
555 | (8625124.587720305 -8054672.807541706)
556 | (-6706423.497790375 2877118.55710157)
557 | (9935569.31760709 -2595879.0816723835)
558 | (-2630859.3058771137 -4409680.846807196)
559 | (2638509.1235259827 3629299.8123643063)
560 | (6771663.266823962 7140027.408771642)
561 | (-3311800.46905212 8742125.9385533)
562 | (-2171254.251412904 1817203.7606756594)
563 | (-2067300.2936694361 -1944714.3919177586)
564 | (-8030569.122387061 -6445054.534382577)
565 | (7185640.236012697 1381449.1811599657)
566 | (-2843199.893966253 -4683067.518827784)
567 | (751083.5145334043 -5597547.894999437)
568 | (-8222078.070419452 -1352497.2340537626)
569 | (-2859730.2349179117 6029422.019672925)
570 | (6271391.436741333 9752190.542101465)
571 | (8712541.4265025 7287407.52242054)
572 | (-4542544.992286348 6581158.6340071745)
573 | (-7902156.845494088 7620439.980077464)
574 | (5118796.928093603 -59294.76048211008)
575 | (-1717764.5169173041 -6067106.982789916)
576 | (9109725.06988933 7717544.076661997)
577 | (-4364765.65514355 8211971.549400829)
578 | (394136.6498755496 9871578.967824612)
579 | (-9298601.797030833 5884002.887777373)
580 | (-7267912.9610824995 8866265.249248996)
581 | (-3826150.3375352034 -4729368.26872778)
582 | (8030554.330304328 -4314831.198615701)
583 | (-1449231.6689037774 -5172393.153521602)
584 | (-1724340.958549302 2942224.0903038736)
585 | (3000198.4582941104 -4125556.4613911025)
586 | (3083018.706419563 -7719997.78636715)
587 | (-9104737.486488592 -1168705.6108190324)
588 | (-6822681.865231797 -2222589.3846172486)
589 | (-1108578.166729251 -7996319.334457842)
590 | (-2073107.886221921 1766572.0583970938)
591 | (4497973.360012675 6911860.109038439)
592 | (8515041.539358761 6420268.505546765)
593 | (4030176.0961882714 954457.886137316)
594 | (-2772273.7344478145 -1427852.2884985283)
595 | (7942472.459422018 8543083.887365278)
596 | (-2223232.0663430104 -6624424.218696346)
597 | (-4219669.551187921 -1294872.2024807837)
598 | (-8331376.104009724 9141571.998158243)
599 | (-9397101.824460648 -7109327.454505834)
600 | (-107832.62473305315 2191145.130030714)
601 | (2362419.9429908395 2155160.2057399694)
602 | (-9502333.098519351 -2086305.0703816395)
603 | (-9534416.395519987 -7247232.705079567)
604 | (41982.14197685383 -3882197.6981548434)
605 | (-3806961.519417247 -8649390.314983664)
606 | (820645.2263562307 3616251.636882076)
607 | (3337999.498891704 555273.2312269174)
608 | (-5606003.618998974 -6151682.505664704)
609 | (-4507737.012551393 6699633.47254814)
610 | (-8087993.167560716 -8172388.791310854)
611 | (1247877.1949716713 7709992.84951672)
612 | (-3867844.7400301592 4361572.308173856)
613 | (1233302.2844325732 4603277.311433472)
614 | (6713695.955466056 8340654.769951601)
615 | (-9425285.6898634 -240692.2749193199)
616 | (5337668.903774455 7832846.847951759)
617 | (-7109429.580248009 6765667.522381637)
618 | (2385767.552970186 -6370958.910505479)
619 | (3555436.7096035983 1395378.4274909236)
620 | (2923495.5856269207 9173779.50711384)
621 | (-7236147.521946155 -4903363.373521379)
622 | (4799115.181686422 8683406.792463414)
623 | (-273812.9224006627 -4471056.854983968)
624 | (-9000039.378466565 -9842078.298952434)
625 | (-7072419.627770089 -9891313.429319141)
626 | (-608489.2026799712 -5685075.249854077)
627 | (9708660.013545487 -4375472.762188324)
628 | (-7620134.708431674 -6632971.6400172645)
629 | (7394083.1655722745 7669314.100701112)
630 | (4946187.672273954 -3413890.417084655)
631 | (-3482323.103665881 -3038107.26865297)
632 | (-7976983.304040605 4810236.605426246)
633 | (6351958.299980041 642766.607838843)
634 | (-7282407.58718254 -6778342.05355712)
635 | (-3292219.098959077 -2984584.542577153)
636 | (7684372.744334042 3157724.903937975)
637 | (6957113.995644346 -6598220.635972636)
638 | (-9829329.29351472 -9761623.00430297)
639 | (-4417708.779238318 -7350619.298513053)
640 | (-4285656.338684083 -6583343.444647374)
641 | (7805093.4176066555 8169052.411092021)
642 | (-4465174.999302826 -7879050.8289691275)
643 | (-1029153.8081566971 224062.0980083067)
644 | (5252664.791300952 -7701120.0593661135)
645 | (-9215639.4372934 532728.1482766271)
646 | (3620964.2760890033 4596085.043617699)
647 | (-8988453.878615707 9562089.361703675)
648 | (1120347.5439442415 -2800041.799707627)
649 | (6164741.0217064265 4068961.740833735)
650 | (4399403.594062185 -5320981.9619393395)
651 | (-3027421.327407618 8195393.335470781)
652 | (9034199.813074987 6806152.077674832)
653 | (8172052.589785505 -4926530.0090080695)
654 | (-5903933.839404638 5653345.656354694)
655 | (-1808339.4321826594 -6382245.747589162)
656 | (-1363429.6590788104 -838928.2682337388)
657 | (-9552368.552808253 4295037.263508156)
658 | (420214.2842041049 -6803415.693247201)
659 | (-4620514.509488543 5023915.0731236655)
660 | (8381187.644993678 6635678.9325838145)
661 | (-2029748.056345921 5105982.486307383)
662 | (1366176.2016378604 -8400086.675006032)
663 | (6680355.1874824 -733731.3980281726)
664 | (-4711214.47985621 3918132.423831245)
665 | (-9899414.832868615 6916319.078284141)
666 | (-3417872.3792893486 -9073212.494280377)
667 | (9253981.338088527 -1711170.1817200072)
668 | (4984631.109247254 -3339619.3854759363)
669 | (-8660670.47987048 9139998.812272795)
670 | (1391980.6719235294 -2128730.3756539756)
671 | (3207203.668588033 -5690923.591703374)
672 | (-2689269.6057228176 3584160.1752392575)
673 | (-4760755.61945799 -5677572.219865643)
674 | (9210214.103573818 -1953640.3334340993)
675 | (-5495617.17123616 -1157033.0605549999)
676 | (-5985621.914931279 8425007.579826113)
677 | (-8358248.188256372 -7560204.341383099)
678 | (-9033997.458245877 8862056.9523778)
679 | (7739058.822239354 -6958858.0375567945)
680 | (1778672.1784721464 5056131.19777799)
681 | (6306015.359852273 8584805.428467602)
682 | (6878137.485701986 4995769.9771681875)
683 | (3214834.136781713 -2989071.699912822)
684 | (-8644337.349011127 7874177.320835538)
685 | (9214343.259216141 4776932.795205083)
686 | (8754078.866915375 7130865.182574499)
687 | (5279948.922733383 -5222793.1551793795)
688 | (-9071828.649664417 -4614692.247008012)
689 | (-9027122.27952349 1327049.2959059644)
690 | (-6524269.120632023 -4861718.129972143)
691 | (-1458945.1996421535 -9663799.520048782)
692 | (1616249.7967471108 -8669166.866502503)
693 | (3530999.866602646 7818347.951764576)
694 | (6432642.776680555 -503083.9417698886)
695 | (7403737.573420018 -6255464.221359519)
696 | (8868509.246089965 -3644001.345002787)
697 | (8548185.384903003 -8196377.608791418)
698 | (2935758.5228999835 -9510426.989334993)
699 | (-1895346.6249004314 -792948.9872973729)
700 | (-7857241.725535093 6887230.693078909)
701 | (5171909.705500878 6550714.859413678)
702 | (3038908.609007675 -2625842.6493612966)
703 | (7504628.98288136 2961299.9194464274)
704 | (-5526287.210170489 -8282672.680236227)
705 | (-8986951.201185767 -9517578.501666326)
706 | (8290336.413316052 -8986303.093924724)
707 | (-8511681.45819998 2519659.533756377)
708 | (5128367.575021895 -2338373.560422655)
709 | (-837057.1807274073 6350187.599243622)
710 | (-852607.854259612 -5065479.798146808)
711 | (5100267.942195024 5530812.476035951)
712 | (9247547.984526444 -4282125.518736819)
713 | (9991037.031114023 8786528.682388332)
714 | (-6761270.059040998 -6403726.786357382)
715 | (-3920013.6978895618 -8148872.748015632)
716 | (4079475.296235539 3139364.5098557845)
717 | (9852725.555647612 -762332.0078908075)
718 | (-7476310.636535699 -9872485.842437524)
719 | (5430731.043924522 1623988.772403337)
720 | (-5633730.153713645 650462.2749186661)
721 | (3028372.4444746245 -8911090.1717066)
722 | (293306.42601369135 3768505.904912114)
723 | (327033.97349397466 2726877.25519735)
724 | (-6591577.602301551 1669973.5648940895)
725 | (5095169.109700128 3042935.7557122055)
726 | (-3964590.178285639 -1043151.0862402599)
727 | (1952253.8430656567 5114988.696311733)
728 | (-4296831.466760398 -6411917.939793222)
729 | (-2232982.6627743607 3915963.491910735)
730 | (3541920.523936659 3548490.378685545)
731 | (4115467.1779011767 -5077223.136747537)
732 | (937583.0239273515 -9485201.77992504)
733 | (5221163.105300253 3158739.07803813)
734 | (-2550910.4753942546 8538163.65720784)
735 | (-2544153.8253389904 2104818.9953138325)
736 | (9834148.459032927 5838512.292075442)
737 | (-6870102.972430436 9464111.011961695)
738 | (-3643960.2743882053 7271838.293689087)
739 | (7399989.963782404 4132234.0990588106)
740 | (9843228.604077935 -7025952.04593873)
741 | (7921427.9521764815 6460650.491048997)
742 | (7258531.540992927 -6025798.464034092)
743 | (1693061.0981252212 28770.720816880465)
744 | (-9357996.881602516 5992913.682514714)
745 | (-2929551.9234555513 -3958737.8368325997)
746 | (-6558225.98388006 1702747.8391474094)
747 | (-3658808.7148431493 -3519400.922640494)
748 | (-8468595.412289528 9514978.860546071)
749 | (5626987.612068145 6265265.396176245)
750 | (-7059657.31415588 7988170.7134224735)
751 | (5260170.022219038 267038.23069230467)
752 | (-9852116.283755295 -5196499.7625825675)
753 | (-1661659.2158865994 -8007471.209433221)
754 | (5883480.85382903 -7827259.509574749)
755 | (4440664.969720047 7080047.329277866)
756 | (2011868.0366831888 897763.9655140378)
757 | (7862284.558538653 -329947.5959968548)
758 | (4107311.403848525 4830652.398957606)
759 | (516847.9460797906 -5724899.138820891)
760 | (1834675.363498848 -1195955.4169515911)
761 | (-895535.6976186484 -6110739.2559611015)
762 | (-3821301.803369797 7189337.851887461)
763 | (-4249706.797247859 3622591.4965279642)
764 | (-3215578.7899772963 1434025.177190626)
765 | (-5896726.339040958 -1626875.699374104)
766 | (5707127.605264472 -2815120.4621335715)
767 | (2200814.6736561395 2132191.7268621307)
768 | (6151844.897655113 3333841.6337370705)
769 | (726626.9581004418 1013418.3601977546)
770 | (9163531.510991633 -4482406.499914144)
771 | (1197984.9696094822 8444080.135724578)
772 | (-9502100.513619786 -6136367.205381001)
773 | (-5507348.568483321 -2678754.529066003)
774 | (-6052395.175819037 -4259253.035597585)
775 | (-5634781.460327818 -9956441.69220378)
776 | (2218864.0724905953 -9950323.796676664)
777 | (-9305963.049541812 5416952.448235007)
778 | (-4382483.190826772 4492619.783625238)
779 | (-804079.2136274148 -2851770.3393458733)
780 | (-5685526.654131902 -202229.0350206364)
781 | (-8022960.173370095 -9255644.941467179)
782 | (9002425.031525921 -753441.2458509225)
783 | (-6375585.941296751 7810035.5913111195)
784 | (-9877739.920345407 6083580.439884579)
785 | (-7440640.443801721 -2836904.6070716837)
786 | (-8122783.304064363 -8509542.445483837)
787 | (4498523.117578894 2951859.940941043)
788 | (1447297.8161402047 -5542097.977612064)
789 | (-1355727.8211732302 -595038.4283884782)
790 | (-286969.6852670461 -2046893.3455836065)
791 | (-2949162.5767817367 9745577.793200653)
792 | (2769961.815444434 -7072533.263636682)
793 | (3830052.2332443725 6149735.716027997)
794 | (-9371277.246440332 -4559214.729376748)
795 | (-3962860.690047634 5621913.283352224)
796 | (-7517499.522081688 146571.10168635845)
797 | (-6344983.529632839 -3448254.8346681073)
798 | (-9104039.614904065 -8271176.256649766)
799 | (-7079955.621167164 8847226.799645063)
800 | (-1491756.758691011 2630304.556632135)
801 | (5994771.204678079 8130425.069954243)
802 | (5807070.6287088245 -2409072.253431135)
803 | (8598913.120646384 -4773943.443943538)
804 | (3996034.4887397923 -1331207.608774269)
805 | (3933523.405854564 4477175.270623917)
806 | (-6050557.642752838 -9445103.509933077)
807 | (6676898.903581234 1773019.5377848893)
808 | (-4854223.877915151 -5544412.963063507)
809 | (-5530225.020328803 -1017861.0356432702)
810 | (1347153.3085977398 -3812123.0833873088)
811 | (6222197.611501021 -4722257.37603208)
812 | (5859660.226927636 -6202757.213887904)
813 | (-3960218.5067220666 -5917813.4597618785)
814 | (-3181975.0301095583 8371317.868413735)
815 | (-108052.43015128933 3531783.4395103846)
816 | (-4570840.149339677 -6293941.20249372)
817 | (-3618640.7886381904 7271042.282729711)
818 | (6252324.745630123 9050062.537442952)
819 | (-2505403.7967992527 -1587667.7531393487)
820 | (-8920750.443224061 678407.124891635)
821 | (8683967.849199764 7570210.7736673355)
822 | (7101695.1752324775 9708217.285547487)
823 | (9080795.481343497 8807167.252241258)
824 | (-3699116.7618963886 1785999.5775000285)
825 | (-2192694.7020717515 5019037.757940309)
826 | (6168148.696632687 -8144753.182823028)
827 | (-9160613.793511862 329987.31506291404)
828 | (2701607.783362128 3408386.658962257)
829 | (6471975.173566395 7476515.070582438)
830 | (-708876.8222294115 4744908.692616956)
831 | (9636121.7529784 3246052.2638384122)
832 | (7301705.568129115 6419439.919872424)
833 | (-5821373.161732577 -7664972.999131497)
834 | (3970111.1486038696 7110480.738926709)
835 | (-6799839.4227996785 8877299.261444941)
836 | (2405015.0758492947 -2951200.4590876885)
837 | (-9400215.977229074 -7929519.772252653)
838 | (-1268369.9329528417 -8523822.093635967)
839 | (-4756136.971295273 -1801289.746081314)
840 | (-7172257.069829926 9624948.786036175)
841 | (9617604.55662451 3518720.2913398948)
842 | (3073768.0020514484 5435268.119080951)
843 | (8350552.8651355095 7958855.933008838)
844 | (-2160125.8666248843 4299798.649038427)
845 | (-1467330.8980391007 9647555.345764972)
846 | (3988526.584151039 -7879118.527128002)
847 | (7227825.413101811 -8517548.14686311)
848 | (-4647431.111326368 -2752185.9473043242)
849 | (-1096021.4119516406 -1474048.4281242657)
850 | (8153861.253017452 -4032167.3992436137)
851 | (-5289001.977030032 3743854.112384774)
852 | (6230418.04989074 -4671225.167277655)
853 | (-7598935.619461611 -8118082.508779967)
854 | (-1893420.860982282 -7659736.798375731)
855 | (4223605.715919938 -526970.053009266)
856 | (2545561.9127167575 -4475939.572947627)
857 | (306147.1320210509 8058978.051162694)
858 | (-5280329.221348663 -5294992.297376553)
859 | (-8024302.872888092 -9305117.443453763)
860 | (-7131584.293322977 6639605.1402968)
861 | (5942634.805798022 7658898.595505517)
862 | (1462502.0436643958 -8080765.613767931)
863 | (-654195.9042454585 6570332.218170885)
864 | (-8487429.664114332 5131185.299303273)
865 | (-5942729.940970797 1047040.5205424149)
866 | (-7797062.105715651 -9327289.239151258)
867 | (3994767.2443414796 -3354221.5207236325)
868 | (1201769.5120872986 5773146.36259437)
869 | (-3638057.062522824 2781971.711528385)
870 | (-6157581.801725014 -1736292.0664435364)
871 | (-1086970.4136782363 -2969272.437207233)
872 | (-6805756.19758025 1966099.9240527041)
873 | (5634966.8430814035 3385804.0639554597)
874 | (-9139270.067190727 -305155.10741130076)
875 | (8562839.502555598 -2116824.2438749243)
876 | (-8493214.025542649 -696566.5635135714)
877 | (-3256013.8036530484 -8928958.2518074)
878 | (-1853899.6909962883 9387967.836135752)
879 | (-6180476.18038073 -7266887.949566503)
880 | (-7811594.491207026 1888040.9164025001)
881 | (-5466659.896476764 9390540.296488684)
882 | (-9943950.237195464 4426005.649880087)
883 | (6327070.890052356 -4971610.579581587)
884 | (4113404.004175296 -1837499.7510309862)
885 | (1477766.25871134 7712004.230119195)
886 | (2577427.0968790837 -1309463.1396222338)
887 | (2411704.464897739 6027282.658721274)
888 | (3099623.6662230995 2687980.324021427)
889 | (-4768768.583574661 8159822.031618241)
890 | (8238251.804689489 4164578.892005276)
891 | (-2287892.2562371558 1964307.6297206115)
892 | (-429931.2182862554 880926.5174195264)
893 | (-2523730.796917607 -295397.02420196496)
894 | (5376118.878133377 -5776028.620227127)
895 | (8092135.970296238 1507135.9370516315)
896 | (3188521.8864632268 3696484.685583383)
897 | (9600459.231151737 -3306216.4237628356)
898 | (-9320313.264050614 7589526.956219498)
899 | (6538082.311605914 6229038.186045239)
900 | (-8985723.758983582 4937431.344430406)
901 | (6453215.614413494 -1935873.1456271205)
902 | (9111626.829247393 2647798.128796568)
903 | (-4344827.414703687 8411645.790547438)
904 | (-835140.2817860115 4128729.409359632)
905 | (-9335869.08475201 -9319390.162428357)
906 | (-4642498.355651414 2950560.806774564)
907 | (7012592.68171395 4358084.58197793)
908 | (-4826905.331633668 7427163.701712526)
909 | (8083766.556725204 1832847.9457893241)
910 | (7244084.791990753 -6269826.8033041395)
911 | (8222037.836227011 8242601.34366253)
912 | (-1010431.4185158294 4396147.550205143)
913 | (3611935.2764027473 -8110291.428192893)
914 | (-8942408.442272829 1691425.7454204075)
915 | (2030925.6892638076 4645321.582228305)
916 | (6689923.5023659095 16250.722184007987)
917 | (-6181667.609251678 5607343.139674462)
918 | (1141142.8487392087 3125631.9780575)
919 | (4699757.580877986 -8849259.938551202)
920 | (1543396.760818066 -702645.7418005224)
921 | (3750665.032528354 -7582822.830686931)
922 | (-8364859.137088522 769150.7585919071)
923 | (-8031615.635120752 2670997.2045384385)
924 | (5908003.971041633 -216209.34133108146)
925 | (-5352983.546234838 8943406.062319506)
926 | (-8290597.939152931 -5475013.065244023)
927 | (5334692.964121133 -6325687.175153056)
928 | (-36115.63908326253 -8000509.512181271)
929 | (-9362720.223452818 -5936332.144833272)
930 | (-8277261.055923375 -6511408.486932624)
931 | (-7956369.691175699 845696.979285026)
932 | (-6868713.371472264 5183880.96057656)
933 | (7118047.078141343 -2914768.8778645108)
934 | (-3868572.7925720178 3784688.535156388)
935 | (-1981787.1311311983 6436434.295314571)
936 | (-1254369.8235043623 3557848.698545806)
937 | (8165911.8335414305 3624346.9565107934)
938 | (-794427.9667740669 -2316320.9328598185)
939 | (4369483.785506783 702191.4443387948)
940 | (4497517.139308909 8445641.188895635)
941 | (1016183.7677825298 2942413.3202302996)
942 | (7518305.192205455 2831328.7459353525)
943 | (1522340.0777791813 5957953.717930762)
944 | (-2095701.8044729754 4474374.341114754)
945 | (-5706274.588420252 -5773372.3967785975)
946 | (-8584302.533813331 3732375.0454303473)
947 | (7305416.889769226 4090809.031017542)
948 | (4053213.3738695905 -2688603.798997717)
949 | (8396848.34318598 922640.204771759)
950 | (2244442.1483729966 -8106597.93500357)
951 | (-5221733.409629372 -4589221.317949217)
952 | (-1821789.2820383823 3287651.034404548)
953 | (-6404999.15658133 -1139899.3882549517)
954 | (4608137.464475397 -2104522.243488609)
955 | (-5503488.412548849 6528845.002834149)
956 | (6064701.973526673 4681889.615462795)
957 | (3266080.9513130747 -1328368.4726942237)
958 | (4849523.873922337 8934956.184043635)
959 | (-7377756.39953048 4845590.2072016485)
960 | (-1232047.780288523 -7702922.403908361)
961 | (-3579839.33655083 -5488909.168034795)
962 | (-3956112.479620721 -2309447.038305912)
963 | (-4900022.041535566 -5040439.166891646)
964 | (4431565.331531266 -3173941.5711055584)
965 | (-2796311.137518677 1906618.7059268486)
966 | (3562542.6225535795 3770390.44330086)
967 | (1822738.0490230452 3661698.2650828008)
968 | (6868899.808381211 1922464.6060058922)
969 | (-2854716.1242740834 -7177582.065404668)
970 | (4334557.295145348 -9109644.077435277)
971 | (1831183.9338370804 -7536033.8411004245)
972 | (7049196.661945891 -3026344.58942)
973 | (-3732782.662786369 -9476198.088018235)
974 | (-556287.4740373492 -1973741.7997208675)
975 | (-8300698.189078346 1475255.418729052)
976 | (8087313.270844746 9951148.467862505)
977 | (-3618862.1902728733 9916479.668519486)
978 | (-98128.62409289926 1951987.2408606634)
979 | (8295175.969622757 -3264931.3819840085)
980 | (2021376.8534597624 3192771.16838743)
981 | (1397841.031777816 8863918.072848197)
982 | (-8590542.814297847 9010251.231007524)
983 | (7166856.976934198 -6584379.375327467)
984 | (-707133.5583727993 -6657543.166668995)
985 | (8565587.224960875 -6451204.853188541)
986 | (5110716.157530928 -9438140.13096216)
987 | (6429948.413500255 4603421.6272796)
988 | (6311101.93579776 5379358.341948727)
989 | (4615556.655703496 7185167.194325838)
990 | (-5328762.513628722 -6336789.547466779)
991 | (705371.3178967815 7757542.740984824)
992 | (8321895.835185882 -2189415.689187064)
993 | (9240905.984258879 8437738.738641776)
994 | (7813189.25111125 4556313.434263764)
995 | (6231910.79312516 469812.5019507967)
996 | (-7251936.035784323 -8816123.044136722)
997 | (-9124432.131572966 389530.9244382195)
998 | (2859722.8075561225 9686714.573520035)
999 | (8507189.1738654 -2908941.760822559)
